Week,Day,Target Page,Post Copy (280 char max),URL,Char Count
1,Monday,Knockout Mouse Models,"A knockout mouse has a gene completely turned off. No expression. No protein. Just clean loss of function. We've built 2,500+ since 1998. #KnockoutMice #GeneTargeting",https://genetargeting.com/knockout-mouse-models,190
1,Wednesday,Conventional Knockout,"Conventional knockouts delete a gene globally, in every cell. Simple and powerful, unless that gene is essential for development. Then you need a different strategy. #KnockoutMice",https://genetargeting.com/conventional-knockout-mouse-models,203
1,Friday,Conditional Knockout,"What if you could delete a gene in only one tissue? Conditional knockouts using Cre lox give you that control. No embryonic lethality. Clean, targeted deletion. #ConditionalKO",https://genetargeting.com/conditional-knockout-mouse-models,199
2,Monday,Standard Conditional KO,"Two loxP sites flanking your exon. Cross with a Cre driver. Gene deleted only where Cre is expressed. Liver, brain, T cells, you choose. #ConditionalKO #CreLox",https://genetargeting.com/standard-conditional-knockout,183
2,Wednesday,TruView Conditional KO,"TruView is a reporter AND a conditional knockout in one allele. Before Cre: see where the gene is active. After Cre: study the loss of function. Two experiments, one mouse. #TruView",https://genetargeting.com/truview-conditional-knockout,205
2,Friday,Inducible Conditional KO,Some genes are too important during development to knock out early. Inducible conditional knockouts let the mouse grow up healthy first. You pick when deletion happens. #InducibleKO,https://genetargeting.com/inducible-conditional-knockout,205
3,Monday,Tissue Specific Knockout,Deleting a gene everywhere tells you it matters. Deleting it in one tissue tells you WHERE it matters. That's the power of tissue specific knockouts. #TissueSpecific #CreLox,https://genetargeting.com/tissue-specific-knockout,197
3,Wednesday,Conditional KO with Reporter,"How do you confirm your conditional knockout worked in the right cells? Build a reporter into the allele. When Cre deletes the gene, the reporter turns on. Confirmation built in. #CreLox",https://genetargeting.com/conditional-ko-reporter,210
3,Friday,Knockout First Allele,"One allele, four possible models. The knockout first design starts as a null but converts to a conditional, a reporter, or a floxed line with strategic recombination. #KnockoutFirst",https://genetargeting.com/knockout-first-allele,205
4,Monday,Global vs Conditional KO,Global or conditional? It's the first decision in any knockout project. Global is faster. Conditional gives tissue and temporal control. The right choice depends on your gene. #Knockout,https://genetargeting.com/global-vs-conditional-knockout,209
4,Wednesday,Knockin Mouse Models,"Knockouts remove genes. Knockins add something new: a human gene, a reporter, a point mutation, a tag. It's how you humanize targets and model patient mutations. #KnockinMice",https://genetargeting.com/knockin-mouse-models,198
4,Friday,cDNA Knockin,"Want human protein expressed from the mouse locus? A cDNA knockin replaces the mouse coding sequence with human cDNA. Physiological levels, right tissues, no overexpression artifacts. #cDNA",https://genetargeting.com/cdna-knockin,213
5,Monday,Point Mutation Mice,One nucleotide. One amino acid. That's often the difference between healthy and diseased. Point mutation models recreate the exact variants found in human patients. #PointMutation,https://genetargeting.com/point-mutation-mice,203
5,Wednesday,Reporter Knockin,"Where is your gene expressed? In which cells? Reporter knockins insert GFP or LacZ under your gene's promoter. Everywhere it would be active, the reporter lights up. #ReporterMice",https://genetargeting.com/reporter-knockin,203
5,Friday,Tag Knockin Models,"Can't find a good antibody for your protein? Tag it at the endogenous locus. FLAG, HA, V5. Native regulation, tagged protein, well characterized commercial antibodies. #EpitopeTag",https://genetargeting.com/tag-knockin-mice,203
6,Monday,FLAG Tag Knockin,"FLAG tags are small, reliable, and have great commercial antibodies. A FLAG knockin at the endogenous locus means native expression with detection that actually works. #FLAGTag",https://genetargeting.com/flag-tag-knockin,200
6,Wednesday,HA Tag Knockin,"Nine amino acids. That's all an HA tag adds. But now your protein is detectable with high affinity validated antibodies for IP, western, ChIP, and IF. Small tag, big capability. #HATag",https://genetargeting.com/ha-tag-knockin,208
6,Friday,GFP Knockin Mice,"GFP knockins let you see gene expression in real time. No staining, no secondary antibodies. Every cell that expresses your gene glows green. Live imaging, FACS, lineage tracing. #GFP",https://genetargeting.com/gfp-knockin-mice,207
7,Monday,tdTomato Knockin Mice,"tdTomato is roughly 6x brighter than EGFP. That matters when you're imaging deep tissue or sorting rare cell populations. Brighter reporter, better data. #tdTomato #Fluorescence",https://genetargeting.com/tdtomato-knockin-mice,201
7,Wednesday,LacZ Knockin Mice,"LacZ has been the gold standard reporter for decades. X gal staining is cheap, simple, and gives you whole mount visualization. No confocal required. Sometimes classics win. #LacZ",https://genetargeting.com/lacz-knockin-mice,203
7,Friday,Conditional Knockin Mice,A conditional knockin stays silent until Cre removes a STOP cassette. You control where and when the inserted gene turns on. Perfect for gain of function and oncogene studies. #Knockin,https://genetargeting.com/conditional-knockin-mice,208
8,Monday,Humanized Mouse Models,Mouse proteins don't always respond to human drugs. Humanized mice replace mouse genes with human counterparts so your therapeutic binds its actual target in vivo. #HumanizedMice,https://genetargeting.com/humanized-mouse-models,202
8,Wednesday,Gene Replacement,"Gene replacement is the most complete humanization. The full human gene, exons, introns, regulatory elements, sitting in the mouse genome. Human protein, physiological regulation. #Humanized",https://genetargeting.com/gene-replacement,214
8,Friday,P53 Humanized Mice,"P53 is mutated in over half of all human cancers. A p53 humanized mouse carries human TP53, letting you study patient specific variants and test p53 reactivating compounds. #P53 #Oncology",https://genetargeting.com/p53-humanized-mouse-models,211
9,Monday,Immune Checkpoint Humanized,"Checkpoint immunotherapy doesn't work in wild type mice. Human inhibitors need human targets. Checkpoint humanized mice express human PD1, PDL1, CTLA4, LAG3, or TIM3. #IO",https://genetargeting.com/immune-checkpoint-humanized-mice,194
9,Wednesday,PD1 Humanized Mice,"Pembrolizumab, nivolumab, cemiplimab. Every anti PD1 drug targets HUMAN PD1. A PD1 humanized mouse expresses human PD1 on its T cells in a fully immunocompetent host. #PD1 #Immunotherapy",https://genetargeting.com/pd1-humanized-mice,210
9,Friday,PDL1 Humanized Mice,"PDL1 is the target of atezolizumab, durvalumab, and avelumab. Test human anti PDL1 therapeutics in vivo with a functioning immune system and a human target on the tumor. #PDL1 #IO",https://genetargeting.com/pdl1-humanized-mice,203
10,Monday,CTLA4 Humanized Mice,CTLA4 was the first immune checkpoint ever targeted therapeutically. Ipilimumab changed oncology. Testing anti CTLA4 antibodies requires a model expressing human CTLA4. #CTLA4,https://genetargeting.com/ctla4-humanized-mice,199
10,Wednesday,LAG3 Humanized Mice,"LAG3 is the next wave of checkpoint immunotherapy. Multiple anti LAG3 antibodies are in trials, often combined with anti PD1. You need models expressing human LAG3. #LAG3 #IO",https://genetargeting.com/lag3-humanized-mice,198
10,Friday,TIM3 Humanized Mice,TIM3 plays unique roles in T cell exhaustion that other checkpoints don't cover. Testing human anti TIM3 agents requires a mouse expressing human TIM3. Stay ahead of the wave. #TIM3,https://genetargeting.com/tim3-humanized-mice,205
11,Monday,Receptor Humanized Mice,Your drug targets a human receptor. Your mouse has the mouse version with different binding kinetics and epitopes. Receptor humanized mice fix that mismatch. #Humanized #Preclinical,https://genetargeting.com/receptor-humanized-mice,205
11,Wednesday,Cytokine Humanized Mice,Human cytokines don't always signal through mouse receptors the same way. That mismatch gives you misleading preclinical data. Cytokine humanized mice solve this. #Cytokine #Humanized,https://genetargeting.com/cytokine-humanized-mice,207
11,Friday,F.A.S.T. Technology,"Some projects can't wait 12 months. F.A.S.T. technology skips chimera breeding entirely, going straight from ES cells to fully ES cell derived mice. Same precision, faster timeline. #FAST",https://genetargeting.com/fast-mice,211
12,Monday,Large Scale BAC Targeting,"Some genes are too big for standard vectors. BAC based targeting handles insertions of 50kb, 100kb, even 200kb+. When your project outgrows conventional approaches. #BAC #GeneTargeting",https://genetargeting.com/bac-to-bac-large-scale-targeting,208
12,Wednesday,Targeted Transgenics,"Random insertion transgenics are unpredictable. Targeted transgenics go into a safe harbor locus. Guaranteed expression, consistent levels, no position effects. #Transgenics #SafeHarbor",https://genetargeting.com/transgenic-mouse-service,209
12,Friday,Safe Harbor Locus,"A safe harbor locus lets you insert any transgene and get reliable expression without disrupting endogenous genes. Rosa26, HPRT, H11. Each with different advantages. #SafeHarbor",https://genetargeting.com/safe-harbor-locus,201
13,Monday,Rosa26 Locus,"Rosa26 is the most widely used safe harbor in mouse genetics. Ubiquitous expression, tolerates large insertions, doesn't disrupt development. Thousands of published models use it. #Rosa26",https://genetargeting.com/rosa26,211
13,Wednesday,Rapid Rosa26 Targeting,"Standard Rosa26 works. Rapid Rosa26 works faster. Pre characterized ES cells with the locus already targeted. Insert your transgene, compress the timeline. Same locus, fewer steps. #Rosa26",https://genetargeting.com/rapid-rosa26-targeting,212
13,Friday,HPRT Locus Targeting,HPRT offers something Rosa26 doesn't: built in positive and negative selection. Easier to identify correctly targeted clones. A powerful safe harbor alternative. #HPRT #SafeHarbor,https://genetargeting.com/hprt-locus-targeting,203
14,Monday,H11 Safe Harbor,"H11 is the newest safe harbor gaining traction. Strong ubiquitous expression like Rosa26 but at an independent locus. When Rosa26 is occupied, H11 gives you a second site. #H11",https://genetargeting.com/h11-safe-harbor,200
14,Wednesday,Catalog Mouse Models,"Not every project needs a custom build. Over 10,000 pre engineered mouse and rat models ready to go. Knockouts, knockins, reporters, Cre drivers, humanized checkpoints. Browse first. #Catalog",https://genetargeting.com/all-catalog-mouse-models,215
14,Friday,Humanized Catalog Models,"Off the shelf humanized models with human genes already integrated. Characterized, ready to breed, available now. Check the catalog before commissioning a custom build. #HumanizedMice",https://genetargeting.com/humanized-catalog-mouse-models,207
15,Monday,Checkpoint Mice Catalog,"Single AND double humanized immune checkpoint models in the catalog. PD1/CTLA4, PD1/LAG3, PD1/TIM3 combinations ready for immuno oncology studies. No custom build wait. #IO #Catalog",https://genetargeting.com/humanized-immune-checkpoint-mice,205
15,Wednesday,Cre Driver Catalog,Building a conditional knockout? You need a Cre driver for your tissue of interest. Our catalog has lines for major tissues and cell types ready to cross with your floxed model. #CreDriver,https://genetargeting.com/cre-driver-catalog,212
15,Friday,Reporter Mouse Catalog,"GFP, tdTomato, LacZ reporters ready to ship. Standalone or Rosa26 targeted, ready for Cre activation. Off the shelf, validated, ready to breed. #ReporterMice #Catalog",https://genetargeting.com/reporter-mouse-catalog,190
16,Monday,Oncology Mouse Models,"Cancer research needs models as complex as the disease. Tumor suppressor knockouts, oncogene activation, syngeneic backgrounds, humanized checkpoints. 26 years of building them. #Oncology",https://genetargeting.com/oncology-mouse-models,211
16,Wednesday,Tumor Suppressor KO Mice,"P53, BRCA1, RB1, APC, PTEN. Every major tumor suppressor has been studied using knockout mice. Model cancer initiation at the genetic level. #TumorSuppressor #Oncology",https://genetargeting.com/tumor-suppressor-knockout-mice,191
16,Friday,Oncogene Mouse Models,Tumor suppressors prevent cancer. Oncogenes drive it. Conditional knockins keep the oncogene silent until Cre activates it in a specific tissue. Controlled cancer on your timeline. #Oncogene,https://genetargeting.com/oncogene-mouse-models,214
17,Monday,Syngeneic Tumor Models,Immunotherapy testing needs an intact immune system. Syngeneic models use mouse cancer cells in immunocompetent hosts. The immune response is real. The workhorse of IO research. #Syngeneic,https://genetargeting.com/syngeneic-tumor-models,212
17,Wednesday,Immuno Oncology Models,"IO is where immunology meets cancer. You need intact immune systems, humanized checkpoints, and syngeneic backgrounds. Getting the model wrong means your drug never had a fair test. #IO",https://genetargeting.com/immuno-oncology-mouse-models,209
17,Friday,Cancer Drug Efficacy Models,"Your compound works in vitro. Now what? Cancer drug efficacy models test dosing, scheduling, and response in vivo with the target, tumor microenvironment, and immune system all present. #Oncology",https://genetargeting.com/cancer-drug-efficacy-models,219
18,Monday,Neuroscience Mouse Models,"Alzheimer's, Parkinson's, ALS, Huntington's, epilepsy, autism. Each neurological disease requires models with specific mutations, expression patterns, and behavioral phenotypes. #Neuroscience",https://genetargeting.com/neuroscience-mouse-models,215
18,Wednesday,Alzheimer's Mouse Models,"APP, PSEN1, MAPT, TREM2, APOE. Alzheimer's research depends on mice carrying the same mutations found in patients. The model you choose determines which pathology you can study. #Alzheimers",https://genetargeting.com/alzheimers-mouse-models,213
18,Friday,Parkinson's Mouse Models,Alpha synuclein aggregation. Dopaminergic neuron loss. Motor dysfunction. Parkinson's models recreate these hallmarks using knockins of human SNCA mutations. #Parkinsons #Neuroscience,https://genetargeting.com/parkinsons-mouse-models,207
19,Monday,Huntington's Mouse Models,Huntington's is caused by a CAG repeat expansion in HTT. The length determines severity. Mouse models carry humanized HTT with expanded repeats. Genetics drives the design. #Huntingtons,https://genetargeting.com/huntingtons-mouse-models,209
19,Wednesday,ALS Mouse Models,"SOD1, TDP43, FUS, C9orf72. ALS is genetically diverse and each gene produces different pathology. Match your model to your drug's mechanism of action. #ALS #MotorNeuron",https://genetargeting.com/als-mouse-models,192
19,Friday,Epilepsy Mouse Models,"Seizures from ion channel dysfunction. SCN1A, KCNQ2, GABRA1 knockouts and knockins that shift excitation and inhibition. Genetic models produce spontaneous, not just induced seizures. #Epilepsy",https://genetargeting.com/epilepsy-mouse-models,217
20,Monday,Autism Spectrum Models,"Autism isn't one disease. It's hundreds of variants converging on behavior. SHANK3, MECP2, FMR1, CNTNAP2 models help researchers understand which pathways drive which symptoms. #Autism",https://genetargeting.com/autism-mouse-models,208
20,Wednesday,Depression Anxiety Models,"Genetic models targeting serotonin transporters, BDNF, and CRF receptors produce measurable behavioral phenotypes that respond to pharmacological intervention. Better models, better drugs. #Psychiatry",https://genetargeting.com/depression-anxiety-mouse-models,224
20,Friday,Metabolic Disease Models,"Diabetes, obesity, NASH, lipid disorders. Metabolic disease is a global epidemic. Custom knockouts, knockins, and humanized models targeting metabolic pathways. #MetabolicDisease #Preclinical",https://genetargeting.com/metabolic-disease-mouse-models,215
21,Monday,Diabetes Mouse Models,"Type 1 and Type 2 diabetes have completely different pathologies and need different mouse models. T1D: autoimmune beta cell destruction. T2D: insulin resistance. One name, two diseases. #Diabetes",https://genetargeting.com/diabetes-mouse-models,219
21,Wednesday,Type 1 Diabetes Mice,"T1D is autoimmune. The immune system destroys insulin producing beta cells. Models need to capture immune mediated destruction, not just elevated blood glucose. #Type1Diabetes",https://genetargeting.com/type-1-diabetes-mice,199
21,Friday,Type 2 Diabetes Mice,"Insulin resistance, hyperglycemia, beta cell failure, obesity. T2D models need to recapitulate the metabolic syndrome, not just one symptom. Complex disease, complex models. #Type2Diabetes",https://genetargeting.com/type-2-diabetes-mice,212
22,Monday,Obesity Mouse Models,"Leptin, melanocortin, ghrelin, NPY, POMC. Obesity is driven by dozens of pathways. The right model depends on which one your therapeutic targets. Match the model to the mechanism. #Obesity",https://genetargeting.com/obesity-mouse-models,212
22,Wednesday,NASH MASH Mouse Models,"NASH (now MASH) is the leading cause of liver transplant with no approved drug. The race for therapeutics needs models that develop steatosis, inflammation, fibrosis, and ballooning. #NASH",https://genetargeting.com/nash-mash-mouse-models,212
22,Friday,Lipid Metabolism Mice,"Cholesterol, triglycerides, PCSK9, LDLR, APOE. Lipid metabolism models are essential for cardiovascular drug discovery and understanding how genetic variants affect circulating lipids. #Lipids",https://genetargeting.com/lipid-metabolism-mice,216
23,Monday,Metabolic Syndrome Mice,"Metabolic syndrome isn't one disease. Obesity, insulin resistance, dyslipidemia, hypertension all converging. Modeling it requires genetics that produce multiple phenotypes simultaneously. #MetSyn",https://genetargeting.com/metabolic-syndrome-mice,220
23,Wednesday,Immunology Mouse Models,"The immune system is the most complex network in the body. Autoimmunity, inflammation, allergy, IBD, lupus, RA. Each disorder has specific genetic drivers and model requirements. #Immunology",https://genetargeting.com/immunology-mouse-models,214
23,Friday,Autoimmune Disease Mice,"When the immune system attacks self. Models targeting CTLA4, Foxp3, AIRE, or specific TCR sequences drive self reactive responses. Understanding tolerance requires genetic precision. #Autoimmune",https://genetargeting.com/autoimmune-disease-mice,218
24,Monday,Inflammatory Disease Mice,"Chronic inflammation drives tissue damage in dozens of diseases. Models targeting TNF, IL6, IL1B, and NFkB let you dissect which signals matter and test anti inflammatory therapeutics. #Inflammation",https://genetargeting.com/inflammatory-disease-mice,222
24,Wednesday,Allergy Asthma Models,"Allergic airway inflammation, IgE overproduction, mast cell degranulation. Asthma models need genetics that recapitulate the Th2 skewed immune response seen in patients. #Asthma #Allergy",https://genetargeting.com/allergy-asthma-mouse-models,210
24,Friday,IBD Mouse Models,"Crohn's and ulcerative colitis affect millions. IBD models target barrier function, immune regulation, and microbiome interaction. IL10 knockouts, NOD2 mutants, T cell transfer. #IBD #Colitis",https://genetargeting.com/ibd-mouse-models,215
25,Monday,Lupus Mouse Models,"Lupus attacks virtually every organ. Models targeting Fas, complement, and TLR signaling produce autoantibodies, immune complex deposition, and the multi system pathology seen in SLE. #Lupus",https://genetargeting.com/lupus-mouse-models,214
25,Wednesday,Rheumatoid Arthritis Mice,"Joint inflammation, cartilage destruction, bone erosion. RA models targeting TNF, IL6, and T cell signaling produce arthritis that responds to the same biologics used in patients. #RA",https://genetargeting.com/rheumatoid-arthritis-mice,207
25,Friday,Cardiovascular Models,"Heart disease is the number one killer globally. Atherosclerosis, heart failure, hypertension, fibrosis. Each requires targeted genetic modifications to produce relevant pathology. #Cardio",https://genetargeting.com/cardiovascular-mouse-models,212
26,Monday,Atherosclerosis Models,"LDLR knockout, APOE knockout, PCSK9 overexpression. The workhorses of atherosclerosis research. Plaques on high fat diets that respond to lipid lowering interventions. #Atherosclerosis",https://genetargeting.com/atherosclerosis-mouse-models,208
26,Wednesday,Heart Failure Models,"Modeling heart failure requires genetic approaches producing cardiac dysfunction, not just hypertrophy. Conditional knockouts in cardiomyocytes with translational relevance. #HeartFailure",https://genetargeting.com/heart-failure-mouse-models,211
26,Friday,Hypertension Models,"Blood pressure involves kidneys, vasculature, nervous system, and endocrine. Hypertension models target renin angiotensin, endothelial NO, and sodium handling pathways. #Hypertension",https://genetargeting.com/hypertension-mouse-models,206
27,Monday,Cardiac Fibrosis Mice,Fibrosis is where heart disease gets irreversible. Collagen replaces functional myocardium. Models targeting TGF beta and fibroblast activation produce progressive cardiac fibrosis. #Fibrosis,https://genetargeting.com/cardiac-fibrosis-mice,215
27,Wednesday,Rare Disease Models,"Over 7,000 rare diseases. Most are genetic. Most have no treatment. Mouse models are often the only preclinical tool available. Every rare disease deserves a research model. #RareDisease",https://genetargeting.com/rare-disease-mouse-models,210
27,Friday,Lysosomal Storage Disease,"Gaucher's, Fabry's, Pompe, Tay Sachs. Enzyme deficiencies causing toxic substrate accumulation. Mouse models with the same mutations develop progressive multi organ pathology. #LSD #RareDisease",https://genetargeting.com/lysosomal-storage-disease-mice,217
28,Monday,Muscular Dystrophy Models,"Duchenne, Becker, limb girdle. Progressive muscle wasting from mutations in dystrophin and structural muscle proteins. Essential for testing gene therapy and exon skipping. #MuscularDystrophy",https://genetargeting.com/muscular-dystrophy-mouse-models,215
28,Wednesday,Cystic Fibrosis Mice,"CFTR is one gene but mutations produce disease across lungs, pancreas, liver, and intestines. CF models carry specific mutations like F508del for therapeutic testing. #CysticFibrosis",https://genetargeting.com/cystic-fibrosis-mice,206
28,Friday,Orphan Disease Models,"Orphan diseases each affect fewer than 200,000 people. But collectively, 30 million Americans. A custom mouse model is often the only preclinical tool that exists. #OrphanDisease",https://genetargeting.com/orphan-disease-mouse-models,202
29,Monday,Ophthalmology Models,"The eye is one of the most accessible organs for gene therapy. Retinal degeneration, glaucoma, macular degeneration. Each needs models with specific genetic modifications. #Ophthalmology",https://genetargeting.com/ophthalmology-mouse-models,210
29,Wednesday,Retinal Disease Mice,"Photoreceptor degeneration, RPE dysfunction, ganglion cell death. Retinal models carry rhodopsin, RPE65, or CRB1 mutations and develop progressive vision loss. #RetinalDisease",https://genetargeting.com/retinal-disease-mice,199
29,Friday,Glaucoma Mouse Models,Glaucoma: leading cause of irreversible blindness. Models targeting aqueous humor dynamics and RGC survival produce measurable IOP elevation and ganglion cell loss. #Glaucoma,https://genetargeting.com/glaucoma-mouse-models,198
30,Monday,Macular Degeneration Mice,"AMD is the leading cause of vision loss in adults over 60. Models targeting complement factors, VEGF signaling, and RPE biology produce drusen and neovascularization. #AMD #MacularDegeneration",https://genetargeting.com/macular-degeneration-mice,216
30,Wednesday,Gene Targeting Technologies,"There's more than one way to engineer a mouse genome. ES cell targeting, homologous recombination, selection cassettes. The right technology depends on your allele design. #GeneTargeting",https://genetargeting.com/gene-targeting-technologies,210
30,Friday,ES Cell Gene Targeting,ES cell targeting lets you characterize the allele BEFORE making the mouse. You know it's correct before investing in germline transmission. That's pre germline QC. #ESCells #GeneTargeting,https://genetargeting.com/es-cell-gene-targeting,212
31,Monday,ES Cell Advantages,"Southern blot confirmation, karyotype analysis, junction sequencing. All done on the ES cell clone before a single blastocyst is injected. QC that other approaches can't match. #ESCells",https://genetargeting.com/es-cell-advantages,209
31,Wednesday,Pre Germline Characterization,"Most gene targeting failures are found AFTER mouse generation. Pre germline characterization catches problems at the ES cell stage, before months of wasted breeding. #PreGermline #QC",https://genetargeting.com/pre-germline-characterization,206
31,Friday,Targeted ES Cell Clones,"A correctly targeted ES cell clone is the foundation of your entire model. We characterize every clone by Southern blot, PCR, and sequencing before proceeding. No shortcuts. #ESCells",https://genetargeting.com/targeted-es-cell-clones,206
32,Monday,Homologous Recombination,Homologous recombination uses the cell's own DNA repair to swap engineered sequence into the exact location you want. No random insertion. No off targets. Precise and site specific. #GeneTargeting,https://genetargeting.com/homologous-recombination-targeting,220
32,Wednesday,Selection Cassette Design,Every targeting vector needs a selection cassette. Neo or hygromycin? Flanked by FRT or loxP? Self excising or removable by breeding? The details shape your final allele. #SelectionCassette,https://genetargeting.com/selection-cassette-design,213
32,Friday,Neomycin Selection Cassette,Neomycin resistance is the most common selection marker in gene targeting. G418 kills untargeted cells. Flank with FRT sites for clean removal later. #Neomycin #GeneTargeting,https://genetargeting.com/neomycin-selection-cassette,198
33,Monday,Hygromycin Selection,"Already using Neo in your line? Hygromycin gives you a second selectable marker. Essential for sequential targeting when you need to modify a second allele. Two markers, one clone. #Hygromycin",https://genetargeting.com/hygromycin-selection-cassette,216
33,Wednesday,Self Excising Cassette,Traditional cassettes need a Cre or FLP cross to remove. Self excising cassettes remove themselves during germline transmission. No extra crosses. Weeks saved. #SelfExcising #GeneTargeting,https://genetargeting.com/self-excising-selection-cassette,212
33,Friday,Conditional Gene Targeting,"Conditional targeting gives you control that global modifications can't. Delete in one tissue. Activate at one timepoint. Cre lox, FLP FRT, and inducible systems make it possible. #Conditional",https://genetargeting.com/conditional-gene-targeting,216
34,Monday,Cre Lox System,"Two loxP sites. One Cre enzyme. Delete, invert, or activate any DNA sequence between them. The backbone of conditional genetics for three decades. Elegant, reliable, proven. #CreLox",https://genetargeting.com/cre-lox-system,205
34,Wednesday,loxP Site Design,Where you place loxP sites determines everything. Too close to the exon? Disrupted splicing. Wrong orientation? Inversion instead of deletion. Placement is an art backed by data. #loxP,https://genetargeting.com/loxp-site-design,208
34,Friday,Cre Recombinase Mice,"Your floxed mouse is half the equation. Cre drivers express Cre in specific tissues: Albumin for liver, Nestin for brain, LysM for macrophages. The driver determines WHERE it happens. #Cre",https://genetargeting.com/cre-recombinase-mice,212
35,Monday,Tissue Specific Cre Lines,"Hepatocytes, cardiomyocytes, podocytes, osteoblasts, adipocytes. Hundreds of Cre lines exist, each driving recombination in a defined cell population. Choose the right one. #CreLines",https://genetargeting.com/tissue-specific-cre-lines,206
35,Wednesday,FLP FRT System,"FLP FRT is the second major recombination system. FLP recognizes FRT sites like Cre recognizes loxP. Use it for a second layer of control independent of Cre. Two switches, one mouse. #FLPFRT",https://genetargeting.com/flp-frt-system,214
35,Friday,Dre Rox System,Cre lox. FLP FRT. Now Dre Rox. A third orthogonal recombination system. Dre recognizes Rox sites without cross reacting with loxP or FRT. Triple recombinase models are now possible. #DreRox,https://genetargeting.com/dre-rox-system,213
36,Monday,Inducible Gene Expression,Constitutive expression starts at conception. Inducible starts when you decide. Turn genes on or off at any point in the mouse's life. Temporal control changes what you can study. #Inducible,https://genetargeting.com/inducible-gene-expression,214
36,Wednesday,Tamoxifen Inducible Cre,"CreERT2 sits dormant until tamoxifen. Then it enters the nucleus and cuts at loxP sites. You choose when. Days, weeks, or months after birth. Timing is everything. #Tamoxifen #CreERT2",https://genetargeting.com/tamoxifen-inducible-cre,207
36,Friday,Doxycycline Inducible,"Dox in the water, gene turns on. Remove dox, gene turns off. Unlike tamoxifen Cre (permanent), doxycycline systems are reversible. When you need to turn a gene on AND off. #Doxycycline",https://genetargeting.com/doxycycline-inducible-systems,208
37,Monday,Tet On Tet Off Systems,"Tet On: add dox, gene activates. Tet Off: remove dox, gene activates. Same drug, opposite logic. Both are reversible and dose responsive with decades of validation. #TetSystem",https://genetargeting.com/tet-on-tet-off-systems,199
37,Wednesday,Allele Design Strategies,"The allele is the blueprint. Every loxP site, FRT site, cassette, and exon boundary must be designed up front. Good design anticipates derivative alleles and downstream needs. #AlleleDesign",https://genetargeting.com/allele-design-strategies,213
37,Friday,Derivative Alleles,"One targeted allele. Four mouse models. The derivative system (tm1a, tm1b, tm1c, tm1d) converts a single knockout first allele into a null, conditional, or reporter. Maximum flexibility. #Derivatives",https://genetargeting.com/derivative-alleles,223
38,Monday,tm1a Allele Design,"The tm1a allele is where it starts. Knockout first with a LacZ reporter and floxed exon. Default: null. Apply FLP: conditional (tm1c). Apply Cre: complete null (tm1b). One clone, three options. #tm1a",https://genetargeting.com/tm1a-allele-design,223
38,Wednesday,tm1b Allele Design,"tm1b is what you get when Cre removes the floxed exon and cassette from tm1a. Clean null allele with LacZ reporter still active. Gene deleted, loss of function confirmed visually. #tm1b",https://genetargeting.com/tm1b-allele-design,209
38,Friday,tm1c Floxed Allele,"tm1c is the conditional ready version. FLP removes the gene trap from tm1a, leaving a floxed critical exon. Cross with any Cre driver for tissue specific deletion (tm1d). #tm1c #Floxed",https://genetargeting.com/tm1c-floxed-allele,208
39,Monday,tm1d Null Allele,"tm1d: tissue specific deletion of the critical exon from a tm1c floxed allele. Cre removes the exon in your tissue of choice. Null in that tissue, normal everywhere else. #tm1d",https://genetargeting.com/tm1d-null-allele,200
39,Wednesday,Critical Exon Selection,"Which exon do you delete? It must be in all splice variants, disrupt reading frame when removed, and be large enough to prevent skipping. Get it wrong and you might still have protein. #ExonSelection",https://genetargeting.com/critical-exon-selection,223
39,Friday,Reading Frame Design,"Deleting an exon doesn't guarantee a null. If remaining exons stay in frame, you could get a truncated protein with partial function. Frame analysis during allele design prevents this. #ReadingFrame",https://genetargeting.com/reading-frame-design,222
40,Monday,Mouse Strain Backgrounds,"C57BL/6, BALB/c, 129, FVB. Each strain has different baseline biology, immune responses, and behavior. Choose the wrong background and you might miss your phenotype entirely. #StrainBackground",https://genetargeting.com/mouse-strain-backgrounds,216
40,Wednesday,C57BL/6 Background,"C57BL/6 is the most used inbred strain and the reference genome. Well characterized biology, extensive published data, compatible with most Cre drivers. When in doubt, BL/6 is the answer. #C57BL6",https://genetargeting.com/c57bl6-mouse-background,219
40,Friday,C57BL/6J vs C57BL/6N,Both are C57BL/6 but J and N are NOT the same. BL/6J has a natural Nnt mutation affecting glucose metabolism and redox. Mix them up and your metabolic data won't make sense. #BL6J #BL6N,https://genetargeting.com/c57bl6j-vs-c57bl6n,209
41,Monday,BALB/c Background,"BALB/c has a Th2 biased immune response. The preferred strain for immunology, allergy, and antibody production studies. Strain choice shapes your phenotype. #BALBc #Immunology",https://genetargeting.com/balbc-mouse-background,199
41,Wednesday,129 Strain Background,"The 129 strain is where the first ES cell lines came from. 129 ES cells target with high efficiency, making it the original workhorse for homologous recombination. #129Strain #ESCells",https://genetargeting.com/129-strain-mouse-background,207
41,Friday,FVB Background,"FVB mice have large pronuclei, making them preferred for pronuclear injection transgenics. They breed well, have large litters, and are albino for imaging. #FVB #Transgenics",https://genetargeting.com/fvb-mouse-background,197
42,Monday,Mixed Background Mice,"Many knockouts start on mixed 129/BL6 background. That genetic variability can affect your phenotype. Two mice with the same knockout but different flanking alleles, different results. #MixedBackground",https://genetargeting.com/mixed-background-mice,225
42,Wednesday,Backcrossing Services,"Ten generations to congenic. Or speed backcross with marker assisted selection in five. Same genetic purity, half the time. Clean up your mixed background model. #Backcrossing #Congenic",https://genetargeting.com/backcrossing-services,209
42,Friday,Target Validation Models,"Before your drug enters the clinic, prove the target matters. Knockouts, conditional KOs, and humanized knockins confirm that modulating your target works in vivo. #TargetValidation",https://genetargeting.com/target-validation-mouse-models,205
43,Monday,Efficacy Testing Models,"Your compound works in cells. Does it work in a living animal? Efficacy models measure drug response with the target, disease pathology, and immune system all present. #EfficacyTesting",https://genetargeting.com/efficacy-testing-mouse-models,208
43,Wednesday,PK PD Mouse Studies,How fast does your drug reach the target? How long does it stay? What concentration works? PK/PD in mouse models defines parameters that shape clinical development. #PKPD #Preclinical,https://genetargeting.com/pk-pd-mouse-studies,207
43,Friday,Toxicology Mouse Models,"Safety first. Humanized models are key for tox because drugs designed for human targets might not show toxicity in wild type mice. Right target, right species. #Toxicology #DrugSafety",https://genetargeting.com/toxicology-mouse-models,207
44,Monday,Biomarker Discovery Mice,"Biomarkers make or break clinical trials. Mouse models with well characterized disease let you identify molecular changes tracking with pathology. Better biomarkers, better trials. #Biomarker",https://genetargeting.com/biomarker-discovery-mice,215
44,Wednesday,Gene Function Studies,What does this gene do? Knock it out. Observe what changes. That simple logic has driven thousands of discoveries. Gene function studies are where basic science begins. #GeneFunction,https://genetargeting.com/gene-function-studies,206
44,Friday,Pathway Analysis Mice,"Genes work in pathways, not isolation. Double knockouts and combinatorial allele strategies let you dissect signaling cascades in vivo. Turn off one node, see what happens. #PathwayAnalysis",https://genetargeting.com/pathway-analysis-mice,213
45,Monday,Protein Localization Studies,"Where is your protein? Which cells? Which compartment? Reporter knockins and epitope tags let you see it at endogenous levels. No overexpression, no artifacts. #ProteinLocalization",https://genetargeting.com/protein-localization-mice,204
45,Wednesday,Lineage Tracing Models,Where did this cell come from? What did it become? Inducible Cre plus reporter alleles permanently mark a cell and all its descendants. Track cell fate across development or disease. #LineageTracing,https://genetargeting.com/lineage-tracing-mouse-models,222
45,Friday,Cell Fate Mapping Mice,Stem cells differentiate. Progenitors commit. Sometimes cells dedifferentiate. Genetic labeling tracks these transitions in vivo. Reveal which stem cells produce which tissues. #CellFateMapping,https://genetargeting.com/cell-fate-mapping-mice,217
46,Monday,Antibody Therapeutics Models,Most monoclonal antibodies target human proteins that don't exist in wild type mice. Humanized target models let you test your antibody against its actual target in vivo. #Antibody #Biologics,https://genetargeting.com/antibody-therapeutics-mouse-models,215
46,Wednesday,Gene Therapy Models,"AAV, LNPs, base editing, prime editing. Every gene therapy needs a mouse model for efficacy, biodistribution, and safety. Disease models with the exact mutation you're correcting. #GeneTherapy",https://genetargeting.com/gene-therapy-mouse-models,216
46,Friday,Cell Therapy Models,"CAR T, NK cells, engineered Tregs, TIL therapy. Cell therapies need models where transferred cells can engraft, expand, and function. Immunodeficient or syngeneic backgrounds. #CellTherapy",https://genetargeting.com/cell-therapy-mouse-models,212
47,Monday,Small Molecule Testing Mice,"Small molecules are still the backbone of pharma. The key is matching model to mechanism. A kinase inhibitor needs a model where that kinase drives pathology. Right model, right data. #SmallMolecule",https://genetargeting.com/small-molecule-testing-mice,222
47,Wednesday,ASO Oligonucleotide Models,"ASOs, siRNA, miRNA. Oligo drugs target RNA, so your mouse needs the same RNA sequences. Humanized models carrying the human target gene are essential for oligo testing. #ASO #RNATherapeutics",https://genetargeting.com/oligonucleotide-therapy-mice,214
47,Friday,Rat Models,"Sometimes a mouse isn't enough. Rats offer larger size for surgery, more blood volume, and different behavioral phenotypes. Custom knockout, knockin, and transgenic rats available. #RatModels",https://genetargeting.com/rat-models,215
48,Monday,Knockout Rat Models,"Knockout rats let you study gene function in a larger rodent. Preferred for cardiovascular, neurobehavioral, and pharmacology studies where body size matters. #KnockoutRat #Preclinical",https://genetargeting.com/knockout-rat-models,208
48,Wednesday,Knockin Rat Models,"Humanized targets, disease mutations, reporter genes. Everything you can knock into a mouse, you can knock into a rat. When your study requires rat physiology and size. #KnockinRat",https://genetargeting.com/knockin-rat-models,204
48,Friday,Transgenic Rat Models,"Transgenic rats with overexpressed genes, reporters, or Cre drivers expand what's possible in rat research. Neuroscience, cardiovascular physiology, and beyond. #TransgenicRat",https://genetargeting.com/transgenic-rat-models,199
49,Monday,Custom Rabbit Models,"Rabbits are preferred for antibody generation, reproductive biology, and certain cardiovascular studies. Custom gene targeted rabbit models bring precision genetics to this species. #RabbitModels",https://genetargeting.com/custom-rabbit-models,219
49,Wednesday,Transgenic Animal Models,"Mice, rats, rabbits. The principles of genetic engineering apply across species. Transgenic models carrying foreign genes give researchers tools in the species most relevant to their work. #Transgenic",https://genetargeting.com/transgenic-animal-models,224
49,Friday,Custom Animal Models,"Not every project fits a catalog. Custom animal models start with your research question. We design the genetics, build the construct, generate founders, and deliver study ready cohorts. #Custom",https://genetargeting.com/custom-animal-models,218
50,Monday,Mouse Genotyping Service,"Every pup needs genotyping. Every generation needs confirmation. PCR, qPCR, sequencing based genotyping so your team focuses on experiments instead of running gels. #Genotyping #LabServices",https://genetargeting.com/mouse-genotyping-service,213
50,Wednesday,Colony Management,"Breeding pairs, weaning schedules, genotyping, cage optimization, health monitoring. We handle it all so you get study ready mice when you need them. Outsource the colony, keep the science. #Colony",https://genetargeting.com/colony-management-services,221
50,Friday,Cryopreservation Services,"Maintaining live colonies of every line is unsustainable. Freeze sperm or embryos, shut down the colony, revive later when you need it. Save money now, recover the line anytime. #Cryopreservation",https://genetargeting.com/cryopreservation-services,219
51,Monday,Rederivation Services,Contaminated colony? Unknown pathogen status? Rederivation transfers embryos into pathogen free surrogates. Pups are born into a clean environment with defined health status. #Rederivation,https://genetargeting.com/rederivation-services,212
51,Wednesday,Speed Expansion Breeding,One breeding pair and you need 50 mice for a study. That's months of waiting. Speed expansion uses superovulation and IVF to get you from founders to cohorts fast. #SpeedExpansion,https://genetargeting.com/speed-expansion-breeding,203
51,Friday,Phenotyping Services,"You built the mouse. Now what changed? Phenotyping characterizes your model across behavioral, metabolic, immunological, and molecular endpoints. Without it, a knockout is just a genotype. #Phenotyping",https://genetargeting.com/phenotyping-services,225
52,Monday,Preclinical Services,"Model generation is step one. Preclinical studies are where it earns its keep. In vivo efficacy, pharmacology, phenotyping, all using models we built and understand inside out. #Preclinical",https://genetargeting.com/preclinical-services,213
52,Wednesday,In Vivo Efficacy Studies,"Does your drug work in a living animal? Efficacy studies test your compound in disease models with defined endpoints: tumor volume, blood glucose, behavioral scoring, histopathology. #InVivo",https://genetargeting.com/in-vivo-efficacy-studies,214
52,Friday,Pharmacology Studies,"Dose response, duration of action, route of administration. Pharmacology studies in the right mouse model define parameters that shape your clinical plan. #Pharmacology #DrugDevelopment",https://genetargeting.com/pharmacology-mouse-studies,209
53,Monday,Mouse Generation Guide,"Vector design, ES cell targeting, screening, microinjection, chimeras, germline transmission, colony expansion. Each step has milestones and QC checkpoints. See the full process. #ProjectPlanning",https://genetargeting.com/mouse-model-generation-guide,219
53,Wednesday,Targeting Vectors,"Not every lab needs a full project. Sometimes you just need the vector, or the ES cells, or the microinjection. We offer individual components for labs with partial capabilities. #TargetingVector",https://genetargeting.com/partial-services,219
53,Friday,Cohort Development,"A founder mouse is not a study. You need genotyped, age matched, sex balanced cohorts. Cohort development expands founders into the numbers and combinations your protocol requires. #Cohorts",https://genetargeting.com/post-project-services,213
54,Monday,About Ingenious,"26 years. 2,500+ custom projects. 800+ publications. 100% completion rate. Since 1998, we've built custom mouse models for academic labs, startups, and top 20 pharma. #GeneTargeting #Since1998",https://genetargeting.com/about-ingenious,216
54,Wednesday,Publications,"800+ peer reviewed publications featuring our models in Nature, Cell, Science, PNAS, JCI, and more. Not marketing. A track record you can verify. Search by area or model type. #Publications",https://genetargeting.com/publications,213
54,Friday,Testimonials,"From UPenn to Yale to King's College London. Researchers describe their experience with our team on conditional knockouts, humanized models, and complex multi allele projects. #Testimonials",https://genetargeting.com/testimonials,213
55,Monday,Breeding Scheme Architect,"Breeding a single allele line? The Mendelian math gets complicated. Our free tool calculates expected ratios, litter requirements, and timelines. Stop doing breeding math on whiteboards. #FreeTool",https://genetargeting.com/breeding-scheme-architect,219
55,Wednesday,Case Studies,Real projects from initial question through allele design to final model and published results. See how custom mouse models are designed and delivered in practice. #CaseStudies,https://genetargeting.com/case-studies,200
55,Friday,Technology Overview,"ES cell targeting, conditional systems, safe harbor integration, allele design. Our technology pages explain the methods behind the models. Scientific reference, not marketing. #Technology",https://genetargeting.com/technology-overview,212
56,Monday,Request a Quote,"Every project starts with a conversation. Tell us your gene, your question, your timeline. Our PhD consultants design an approach and give you a detailed quote. Free, no commitment. #GetStarted",https://genetargeting.com/quote-request-form,217
56,Wednesday,Virtual Consultation,Questions about allele design? Not sure if you need a knockout or knockin? Schedule a free virtual meeting with a PhD scientist. We'll review your project and recommend an approach. #FreeConsult,https://genetargeting.com/schedule-meeting,218
56,Friday,Model Feasibility Check,"Not sure if your model can be built? Our feasibility check gives you a fast, honest assessment. Can we build it, how would we approach it, what's the timeline. Free. #FeasibilityCheck",https://genetargeting.com/model-feasibility-check,207
57,Monday,Disease Model Catalog,"Looking for a model of a specific disease? Our catalog is organized by therapeutic area. If someone's already needed your model, it might be here. Ready to breed, no custom wait. #DiseaseCatalog",https://genetargeting.com/disease-model-catalog,218
57,Wednesday,Order Catalog Models,"Found a model in our catalog? Submit an inquiry and we'll confirm availability, pricing, and coordinate shipping or colony expansion for study ready animals on your timeline. #OrderNow",https://genetargeting.com/order-inquiry-catalog-models,208
57,Friday,Glossary,"loxP, FRT, tm1a, hemizygous, congenic, chimera, germline transmission. Mouse genetics has its own vocabulary. 60+ terms defined clearly by scientists, for scientists. Bookmark this. #Glossary",https://genetargeting.com/glossary,215
58,Monday,White Papers,"In depth technical white papers on humanization, rat knockouts, and allele design. Written by our PhD team. These are reference documents for researchers planning complex projects. #WhitePaper",https://genetargeting.com/white-papers,216
58,Wednesday,Webinars,"On demand webinars covering conditional knockout design, humanization strategies, and colony management. Presented by PhD scientists with hands on project experience. Watch free. #Webinars",https://genetargeting.com/webinars,212
58,Friday,Video Library,"Short explainer videos on gene targeting concepts, allele design, and model generation. Visual learner? Our library breaks complex topics into watchable content. #VideoLibrary #Education",https://genetargeting.com/video-library,210
59,Monday,Therapeutic Areas Hub,"Oncology, neuroscience, metabolic, immunology, cardiovascular, rare disease, ophthalmology. Whatever you're studying, we've probably built a model for it. Explore by disease focus. #TherapeuticAreas",https://genetargeting.com/therapeutic-areas,222
59,Wednesday,Applications Hub,"Target validation, efficacy testing, PK/PD, biomarkers, lineage tracing, gene therapy. Different goals need different models. Find the right one for your use case. #Applications",https://genetargeting.com/applications,201
59,Friday,Project FAQs,"How long does a knockout take? What does it cost? What strain should I use? Answers to the questions researchers ask most. If you're planning a project, start here. #FAQ #ProjectPlanning",https://genetargeting.com/project-faqs-resources,210
60,Monday,Partners,"We partner with academic institutions, biotech companies, and CROs to deliver integrated solutions. From model generation to preclinical studies. Great research through collaboration. #Partners",https://genetargeting.com/partners,217
60,Wednesday,Resources Hub,"Comparison charts, white papers, webinars, glossary, publications database. Everything to plan your mouse model project. Free, mostly no login required. All in one place. #Resources",https://genetargeting.com/resources,205
60,Friday,Lab Signals Newsletter,"Biweekly insights from PhD scientists on mouse model design, gene targeting best practices, and research trends. Free, concise, written by people who actually build models. Subscribe. #LabSignals",https://genetargeting.com/ingenious-blog,219
61,Monday,News,"New services, team updates, conference appearances, publication milestones. Stay current on what's happening at ingenious targeting laboratory. #CompanyNews #GeneTargeting",https://genetargeting.com/news,195
61,Wednesday,Current Openings,"We're growing. Research associates to senior scientists. If you want to work on gene targeting projects every day, check our openings. 26 years of building custom mouse models. #Hiring #Careers",https://genetargeting.com/current-openings,217
61,Friday,Contact Us,"Question about a project? Need catalog pricing? Want to discuss allele design with a PhD scientist? Reach out. We respond to every inquiry, usually within one business day. #ContactUs",https://genetargeting.com/general-contact,207
62,Monday,Rush Project Inquiry,"Deadline approaching? Grant review coming? We offer rush options using parallel workflows, F.A.S.T. technology, and prioritized scheduling. Tell us your deadline. #RushProject #FastTimeline",https://genetargeting.com/rush-project-inquiry,213
62,Wednesday,Pricing Calculator,"What does a custom mouse model cost? Our pricing calculator gives a ballpark based on model type, complexity, and timeline. Not a final quote but it helps you budget early. #Pricing",https://genetargeting.com/pricing-calculator,205
62,Friday,Buy Transgenic Mice,"Over 10,000 pre engineered lines available from our catalog. Browse, inquire, and we handle availability, shipping, and expansion. Ready to go. #BuyMice #Catalog #TransgenicMice",https://genetargeting.com/buy-transgenic-mice,201
63,Monday,Single Checkpoint Catalog,"Testing a monotherapy checkpoint inhibitor? Single humanized PD1, PDL1, CTLA4, LAG3, or TIM3 models on immunocompetent backgrounds. Ready for your studies. #Checkpoint #IO #Catalog",https://genetargeting.com/single-immune-checkpoint-humanized-mice,204
63,Wednesday,Double Checkpoint Catalog,Combination checkpoint therapy needs mice expressing two human checkpoints. Double humanized models for dual antibody testing in a single immunocompetent host. #DualCheckpoint #IO,https://genetargeting.com/double-immune-checkpoint-humanized-mice,203
63,Friday,Custom Mouse Models Hub,"Knockout, knockin, humanized, conditional, transgenic, point mutation. Whatever your gene, whatever your question, we design and build it from scratch. 2,500+ projects since 1998. #CustomModels",https://genetargeting.com/custom-mouse-models,217
